player_id,player_name,season_id,min,pts,ppm,fg%,3p%,ft%,reb,ast,stl,tov,blk,fantasy_pts,fppm
201566,Russell Westbrook,2018-19,36.79,26.46,0.72,48.79,35.0,77.19,7.29,8.09,1.6,3.84,0.5,50.0,1.36
2544,LeBron James,2018-19,37.53,26.96,0.72,52.27,35.27,73.55,7.56,6.98,1.49,3.5,0.76,49.63,1.32
203507,Giannis Antetokounmpo,2018-19,36.7,25.86,0.7,49.85,32.75,76.47,9.84,4.16,1.4,2.86,1.49,48.73,1.33
202326,DeMarcus Cousins,2018-19,38.35,26.47,0.69,46.6,35.01,76.11,7.74,5.73,1.57,3.49,0.85,47.82,1.25
201935,James Harden,2018-19,37.28,27.43,0.74,45.22,35.28,83.7,6.06,6.77,1.56,3.84,0.55,47.45,1.27
203076,Anthony Davis,2018-19,35.26,24.99,0.71,52.25,31.52,76.82,10.1,2.28,1.15,2.17,1.95,46.16,1.31
201142,Kevin Durant,2018-19,36.27,25.89,0.71,46.92,37.07,85.78,6.46,5.29,1.09,2.82,0.9,44.47,1.23
203954,Joel Embiid,2018-19,35.81,21.82,0.61,48.18,34.34,79.23,9.27,2.71,0.82,2.52,1.46,40.78,1.14
201939,Stephen Curry,2018-19,36.92,24.22,0.66,45.47,40.53,86.86,4.54,5.61,1.42,2.87,0.29,40.28,1.09
1626164,Devin Booker,2018-19,36.56,23.94,0.65,43.32,35.18,84.49,4.89,5.43,1.05,2.58,0.33,39.66,1.08
203081,Damian Lillard,2018-19,36.34,23.96,0.66,42.97,34.73,84.26,4.23,5.52,1.16,2.84,0.41,39.24,1.08
1626157,Karl-Anthony Towns,2018-19,35.48,19.36,0.55,47.93,36.62,75.22,9.25,2.79,1.0,2.03,1.14,38.37,1.08
202322,John Wall,2018-19,36.6,18.24,0.5,45.1,33.82,79.98,3.85,8.81,1.39,3.09,0.29,38.06,1.04
203083,Andre Drummond,2018-19,33.34,15.57,0.47,51.12,27.52,62.24,11.09,2.39,1.09,2.01,1.59,37.38,1.12
2730,Dwight Howard,2018-19,33.34,17.83,0.53,51.74,10.77,68.51,9.44,2.44,0.75,2.25,1.86,37.38,1.12
200746,LaMarcus Aldridge,2018-19,34.73,20.18,0.58,48.86,29.88,81.8,8.46,2.3,0.74,1.86,1.15,37.06,1.07
202710,Jimmy Butler,2018-19,36.46,19.86,0.54,44.79,33.68,81.88,5.32,4.45,1.72,2.12,0.49,36.53,1.0
202689,Kemba Walker,2018-19,35.59,21.47,0.6,43.86,37.48,85.64,3.92,5.26,1.01,2.32,0.25,35.62,1.0
202681,Kyrie Irving,2018-19,35.38,20.8,0.59,44.58,37.31,84.42,3.93,5.2,1.05,2.24,0.24,34.98,0.99
203114,Khris Middleton,2018-19,35.61,19.52,0.55,45.1,36.61,81.82,4.64,4.82,1.35,2.25,0.39,34.89,0.98
101108,Chris Paul,2018-19,34.49,17.44,0.51,43.1,36.13,83.14,3.69,6.56,1.6,2.56,0.29,34.4,1.0
101150,Lou Williams,2018-19,34.38,21.79,0.63,44.75,36.44,85.36,3.17,4.79,1.06,2.45,0.19,34.21,0.99
203999,Nikola Jokic,2018-19,34.29,15.07,0.44,45.75,32.46,72.78,8.09,3.51,1.22,2.24,1.04,33.86,0.99
203497,Rudy Gobert,2018-19,33.84,13.6,0.4,52.58,0.0,68.22,10.38,1.07,0.64,1.97,2.61,33.71,1.0
203078,Bradley Beal,2018-19,35.18,19.78,0.56,44.41,36.39,84.24,3.86,4.7,1.08,2.14,0.29,33.33,0.95
203471,Dennis Schroder,2018-19,33.0,18.97,0.57,45.39,35.49,82.71,3.36,5.93,1.04,2.47,0.17,33.26,1.01
201933,Blake Griffin,2018-19,34.17,19.34,0.57,42.33,34.98,79.96,4.71,4.19,0.98,2.18,0.38,33.15,0.97
201942,DeMar DeRozan,2018-19,34.63,20.98,0.61,44.21,33.99,82.92,4.14,3.59,1.0,2.09,0.25,33.0,0.95
202331,Paul George,2018-19,34.59,18.15,0.52,42.15,38.19,80.65,4.79,4.35,1.3,2.24,0.39,32.93,0.95
203110,Draymond Green,2018-19,32.67,11.51,0.35,44.26,33.5,74.79,6.67,6.34,1.51,2.64,0.83,32.71,1.0
201950,Jrue Holiday,2018-19,34.69,16.8,0.48,45.7,37.93,81.22,4.21,5.62,1.34,2.46,0.35,32.63,0.94
202355,Hassan Whiteside,2018-19,32.03,15.11,0.47,53.23,0.0,73.61,8.9,1.73,0.72,1.75,1.51,32.43,1.01
203991,Clint Capela,2018-19,31.77,14.2,0.45,53.55,0.0,67.96,9.74,1.44,0.61,1.93,1.81,32.4,1.02
203084,Harrison Barnes,2018-19,33.36,17.99,0.54,44.98,37.34,83.82,6.59,2.08,0.91,1.42,0.5,31.45,0.94
201188,Marc Gasol,2018-19,32.62,14.72,0.45,43.86,32.15,73.99,7.01,3.48,0.86,2.26,1.07,31.44,0.96
201567,Kevin Love,2018-19,31.07,16.01,0.52,44.96,38.12,83.1,8.32,1.84,0.75,1.63,0.61,31.07,1.0
203468,CJ McCollum,2018-19,34.72,19.37,0.56,44.64,39.86,84.77,4.12,2.76,0.89,1.69,0.43,30.47,0.88
202339,Eric Bledsoe,2018-19,32.95,15.82,0.48,43.21,36.82,83.75,3.57,5.19,1.37,2.12,0.36,30.46,0.92
203932,Aaron Gordon,2018-19,33.94,16.06,0.47,44.09,35.4,77.6,6.75,1.99,0.91,1.58,0.71,29.94,0.88
1627739,Kris Dunn,2018-19,30.54,13.9,0.46,45.0,34.82,81.68,3.36,6.07,1.35,2.14,0.36,29.56,0.97
203500,Steven Adams,2018-19,31.44,12.84,0.41,50.74,0.0,62.33,9.07,1.26,0.82,1.53,1.17,29.27,0.93
1626178,Rondae Hollis-Jefferson,2018-19,31.76,14.19,0.45,48.08,32.17,72.83,6.45,2.44,1.09,1.94,0.87,28.85,0.91
200794,Paul Millsap,2018-19,31.16,15.3,0.49,45.72,33.09,74.46,6.26,1.82,0.84,1.68,1.02,28.73,0.92
202696,Nikola Vucevic,2018-19,30.27,13.27,0.44,46.03,34.64,74.92,6.48,2.84,0.76,1.49,1.15,28.71,0.95
203901,Elfrid Payton,2018-19,30.85,13.7,0.44,44.07,32.35,76.29,3.98,5.3,1.23,2.28,0.32,28.58,0.93
201952,Jeff Teague,2018-19,32.3,13.78,0.43,43.17,34.87,84.75,2.9,6.23,1.21,2.58,0.28,28.43,0.88
203933,TJ Warren,2018-19,32.02,16.28,0.51,46.61,31.29,78.75,5.86,1.95,0.73,1.66,0.58,28.31,0.88
201936,Tyreke Evans,2018-19,33.09,15.37,0.46,42.45,36.37,81.24,3.59,4.21,1.17,1.82,0.34,28.27,0.85
202691,Klay Thompson,2018-19,32.8,18.06,0.55,44.73,40.99,83.58,3.57,2.53,0.87,1.58,0.4,28.09,0.86
2200,Pau Gasol,2018-19,27.24,11.63,0.43,47.96,36.75,73.83,8.04,2.37,0.56,1.61,1.12,27.8,1.02
203994,Jusuf Nurkic,2018-19,28.1,12.35,0.44,49.61,0.0,71.34,7.55,1.51,0.74,1.48,1.46,27.7,0.99
1627742,Brandon Ingram,2018-19,32.67,16.19,0.5,44.91,35.35,78.77,4.19,3.09,0.86,2.04,0.45,27.65,0.85
200768,Kyle Lowry,2018-19,33.14,13.74,0.41,40.89,36.08,80.64,3.67,5.22,1.05,2.04,0.17,27.57,0.83
203952,Andrew Wiggins,2018-19,32.16,15.88,0.49,45.2,37.49,80.07,4.99,2.34,0.92,1.6,0.4,27.46,0.85
201599,DeAndre Jordan,2018-19,29.19,9.77,0.33,55.81,0.0,61.15,10.14,1.4,0.62,1.68,1.25,27.45,0.94
203914,Gary Harris,2018-19,32.68,15.93,0.49,42.58,38.69,78.71,4.2,2.67,1.21,1.67,0.3,27.37,0.84
201609,Goran Dragic,2018-19,32.28,16.35,0.51,44.84,37.96,82.8,3.42,3.83,0.81,2.05,0.15,27.26,0.84
201143,Al Horford,2018-19,30.25,12.34,0.41,46.92,36.61,76.32,5.8,3.25,0.65,1.61,1.03,27.02,0.89
201144,Mike Conley,2018-19,30.87,16.61,0.54,42.25,36.03,85.6,2.88,3.72,0.89,1.92,0.18,27.0,0.87
203944,Julius Randle,2018-19,30.87,14.28,0.46,48.14,31.16,73.69,6.27,1.94,0.68,2.1,0.6,26.53,0.86
203490,Otto Porter Jr.,2018-19,30.47,14.23,0.47,45.42,38.03,79.17,4.73,2.36,1.24,1.51,0.4,26.2,0.86
202703,Nikola Mirotic,2018-19,32.65,14.87,0.46,45.63,37.05,78.75,5.05,1.76,0.88,1.4,0.56,25.99,0.8
1626167,Myles Turner,2018-19,28.62,12.97,0.45,47.11,35.08,74.39,6.12,1.27,0.59,1.28,1.45,25.96,0.91
201568,Danilo Gallinari,2018-19,31.8,15.26,0.48,42.94,32.22,86.26,4.64,2.08,0.66,1.43,0.46,25.7,0.81
1627734,Domantas Sabonis,2018-19,27.99,12.81,0.46,48.33,19.01,77.46,7.2,1.31,0.73,1.7,0.62,25.64,0.92
203915,Spencer Dinwiddie,2018-19,29.71,13.15,0.44,41.21,36.98,83.51,2.91,4.61,1.1,1.89,0.18,25.33,0.85
202324,Derrick Favors,2018-19,27.96,11.51,0.41,49.98,31.95,70.43,6.62,1.49,0.85,1.38,1.15,25.32,0.91
203501,Tim Hardaway Jr.,2018-19,31.26,14.81,0.47,43.56,40.56,79.05,3.64,2.74,0.96,1.62,0.25,25.08,0.8
1627759,Jaylen Brown,2018-19,30.61,14.12,0.46,43.08,36.97,78.08,4.59,2.16,0.88,1.36,0.43,25.03,0.82
202683,Enes Kanter,2018-19,26.89,11.48,0.43,50.41,0.0,67.25,8.01,1.14,0.61,1.48,0.56,24.8,0.92
203613,Jonathon Simmons,2018-19,31.97,14.97,0.47,43.61,34.97,81.58,3.33,2.88,0.89,1.85,0.24,24.79,0.78
202699,Tobias Harris,2018-19,29.97,14.42,0.48,43.99,39.81,77.83,4.06,2.5,0.84,1.39,0.25,24.75,0.83
203095,Evan Fournier,2018-19,29.7,14.7,0.5,42.67,38.59,80.23,3.41,2.9,0.8,1.64,0.25,24.59,0.83
201937,Ricky Rubio,2018-19,28.68,12.04,0.42,44.35,36.92,83.92,3.0,4.87,1.09,2.2,0.2,24.57,0.86
203967,Dario Saric,2018-19,31.38,13.38,0.43,44.84,37.37,80.24,5.04,2.21,0.71,1.5,0.39,24.44,0.78
201569,Eric Gordon,2018-19,31.98,15.74,0.49,45.41,39.32,85.63,2.85,2.43,0.89,1.5,0.21,24.39,0.76
200755,JJ Redick,2018-19,30.79,15.37,0.5,45.18,40.36,85.84,2.87,2.55,0.83,1.48,0.18,24.07,0.78
200752,Rudy Gay,2018-19,28.62,13.03,0.46,45.71,30.08,80.12,5.5,1.54,0.78,1.43,0.5,24.07,0.84
101141,Ersan Ilyasova,2018-19,28.11,11.72,0.42,44.14,35.93,76.97,6.22,1.68,0.76,1.16,0.46,23.88,0.85
201152,Thaddeus Young,2018-19,28.84,11.09,0.38,47.85,34.75,73.65,6.06,1.67,1.16,1.16,0.48,23.86,0.83
201960,DeMarre Carroll,2018-19,30.37,12.62,0.42,44.85,37.22,80.65,5.03,1.82,0.9,1.41,0.54,23.83,0.78
202340,Avery Bradley,2018-19,30.66,14.43,0.47,43.39,36.82,77.96,3.3,2.3,1.06,1.54,0.18,23.71,0.77
203085,Austin Rivers,2018-19,31.23,13.69,0.44,42.39,36.63,80.64,2.7,3.35,0.92,1.55,0.25,23.65,0.76
2546,Carmelo Anthony,2018-19,30.07,13.61,0.45,44.69,37.34,78.4,4.63,1.89,0.7,1.27,0.32,23.62,0.79
203484,Kentavious Caldwell-Pope,2018-19,30.37,12.16,0.4,42.33,36.93,77.45,4.03,2.48,1.4,1.45,0.31,23.61,0.78
1627747,Caris LeVert,2018-19,29.29,11.69,0.4,45.27,38.67,80.32,3.19,3.97,1.16,1.77,0.27,23.6,0.81
1626169,Stanley Johnson,2018-19,31.28,11.47,0.37,43.9,36.73,70.07,4.41,2.89,1.15,1.41,0.32,23.55,0.75
202328,Greg Monroe,2018-19,24.3,9.93,0.41,51.24,27.25,74.02,7.14,1.76,0.76,1.44,0.58,23.46,0.97
202704,Reggie Jackson,2018-19,28.16,13.24,0.47,42.95,36.19,82.8,2.68,4.21,0.66,1.98,0.11,23.45,0.83
201584,Courtney Lee,2018-19,30.65,13.29,0.43,47.67,39.68,80.36,2.98,2.8,1.1,1.26,0.26,23.29,0.76
202685,Jonas Valanciunas,2018-19,24.04,10.11,0.42,50.96,34.31,71.89,7.21,1.09,0.52,1.27,1.04,23.24,0.97
201959,Taj Gibson,2018-19,28.98,9.4,0.32,47.91,27.16,66.87,6.93,1.52,0.83,1.19,0.92,23.23,0.8
203210,JaMychal Green,2018-19,27.52,10.65,0.39,45.54,35.74,78.49,6.74,1.54,0.72,1.28,0.5,23.19,0.84
1626171,Bobby Portis,2018-19,25.19,11.96,0.47,44.12,34.67,76.54,6.07,1.44,0.66,1.33,0.4,23.18,0.92
201563,Michael Beasley,2018-19,26.48,12.23,0.46,44.97,30.77,76.88,5.09,1.55,0.83,1.54,0.55,22.92,0.87
1626156,D'Angelo Russell,2018-19,27.63,12.65,0.46,41.84,35.76,84.09,2.91,3.63,0.87,2.01,0.2,22.85,0.83
200765,Rajon Rondo,2018-19,26.52,7.82,0.29,43.71,36.35,81.81,3.03,6.69,0.97,1.98,0.1,22.79,0.86
201954,Darren Collison,2018-19,29.44,11.29,0.38,44.52,36.96,80.22,2.4,4.36,1.14,1.47,0.17,22.72,0.77
203079,Dion Waiters,2018-19,29.54,13.53,0.46,41.65,36.5,81.81,2.6,3.04,0.87,1.68,0.19,22.61,0.77
203200,Justin Holiday,2018-19,31.31,11.77,0.38,40.59,35.57,79.14,3.68,2.47,1.31,1.45,0.29,22.54,0.72
203482,Kelly Olynyk,2018-19,27.3,12.07,0.44,44.64,36.38,79.55,4.99,1.75,0.81,1.44,0.35,22.54,0.83
200826,J.J. Barea,2018-19,27.21,10.76,0.4,42.08,37.91,77.37,2.59,5.15,0.71,1.77,0.06,22.38,0.82
201949,James Johnson,2018-19,28.15,10.52,0.37,46.46,34.23,77.14,4.61,2.65,0.94,1.45,0.48,22.34,0.79
201586,Serge Ibaka,2018-19,26.05,11.1,0.43,44.48,36.79,79.69,5.45,1.17,0.57,1.01,1.02,22.34,0.86
203918,Rodney Hood,2018-19,27.57,14.53,0.53,43.79,37.47,85.94,2.59,2.09,0.87,1.36,0.15,22.26,0.81
1627741,Buddy Hield,2018-19,30.44,12.29,0.4,42.03,35.56,82.14,3.46,2.21,1.25,1.38,0.27,22.26,0.73
202693,Markieff Morris,2018-19,29.24,11.56,0.4,44.4,34.31,78.6,4.94,1.94,0.73,1.28,0.4,22.26,0.76
1626162,Kelly Oubre Jr.,2018-19,27.63,11.8,0.43,42.89,35.64,78.4,4.41,1.82,0.93,1.2,0.46,22.21,0.8
203903,Jordan Clarkson,2018-19,26.89,13.16,0.49,42.72,33.68,80.8,2.45,3.28,0.78,1.63,0.12,22.14,0.82
203089,John Henson,2018-19,25.51,7.99,0.31,53.01,0.0,56.47,7.38,0.94,0.68,1.18,1.36,22.12,0.87
204060,Joe Ingles,2018-19,29.71,10.19,0.34,42.56,38.15,80.04,2.95,4.33,0.98,1.71,0.23,21.94,0.74
2772,Trevor Ariza,2018-19,31.64,11.76,0.37,39.93,36.74,80.67,3.69,2.15,1.21,1.08,0.22,21.91,0.69
1627750,Jamal Murray,2018-19,29.73,12.73,0.43,43.59,38.47,80.0,3.25,2.52,0.86,1.54,0.19,21.89,0.74
202734,E'Twaun Moore,2018-19,28.59,12.17,0.43,45.88,38.17,79.56,2.76,2.76,1.15,1.22,0.18,21.81,0.76
201587,Nicolas Batum,2018-19,26.99,10.82,0.4,44.33,36.71,78.63,2.84,3.62,1.02,1.43,0.28,21.68,0.8
1626196,Josh Richardson,2018-19,27.88,11.58,0.42,44.55,37.66,77.0,3.27,2.58,1.03,1.15,0.27,21.56,0.77
203504,Trey Burke,2018-19,25.35,11.49,0.45,43.52,35.13,85.27,2.25,4.18,0.69,1.61,0.11,21.37,0.84
202329,Al-Farouq Aminu,2018-19,27.98,9.78,0.35,43.64,36.3,73.72,5.39,1.75,0.95,1.14,0.45,21.37,0.76
1626179,Terry Rozier,2018-19,29.3,11.51,0.39,43.61,37.94,79.62,3.75,2.24,0.99,1.25,0.22,21.37,0.73
203145,Kent Bazemore,2018-19,28.34,10.47,0.37,41.38,35.65,77.86,3.1,3.09,1.22,1.66,0.34,21.27,0.75
203458,Alex Len,2018-19,23.28,8.35,0.36,51.43,0.0,65.43,6.87,0.74,0.54,1.24,1.29,21.11,0.91
1626204,Larry Nance Jr.,2018-19,24.0,8.71,0.36,52.71,25.63,66.2,6.15,1.1,0.89,0.96,0.67,20.7,0.86
202738,Isaiah Thomas,2018-19,25.78,11.67,0.45,42.06,36.83,81.2,2.12,3.74,0.69,1.92,0.1,20.56,0.8
203935,Marcus Smart,2018-19,25.39,9.34,0.37,41.8,33.91,77.48,2.47,4.07,1.15,1.74,0.22,20.4,0.8
202711,Bojan Bogdanovic,2018-19,28.14,12.52,0.44,44.07,36.85,82.87,3.05,1.94,0.74,1.3,0.16,20.4,0.72
1627832,Fred VanVleet,2018-19,27.24,11.47,0.42,43.54,36.37,86.48,2.74,2.56,0.98,1.37,0.19,20.39,0.75
203496,Robert Covington,2018-19,27.48,9.63,0.35,41.64,35.27,72.26,4.03,1.94,1.27,1.15,0.42,20.38,0.74
1626150,Andrew Harrison,2018-19,26.52,9.82,0.37,44.82,35.46,82.0,2.65,3.75,0.99,1.55,0.2,20.35,0.77
1626144,Emmanuel Mudiay,2018-19,25.42,10.24,0.4,42.72,37.4,81.72,2.62,3.7,0.81,1.62,0.13,20.14,0.79
203939,Dwight Powell,2018-19,25.22,8.92,0.35,45.73,31.09,69.94,5.6,1.31,0.86,1.25,0.54,20.06,0.8
2738,Andre Iguodala,2018-19,26.66,8.1,0.3,45.89,32.96,73.99,3.87,3.28,0.86,1.2,0.48,19.92,0.75
1627752,Taurean Prince,2018-19,28.05,10.83,0.39,41.5,35.74,75.57,3.28,2.18,0.79,1.26,0.38,19.9,0.71
203124,Kyle O'Quinn,2018-19,22.08,7.23,0.33,48.65,18.4,68.47,6.19,1.2,0.59,1.27,1.29,19.88,0.9
1717,Dirk Nowitzki,2018-19,25.28,10.88,0.43,43.07,37.3,81.73,4.05,1.55,0.65,0.97,0.36,19.79,0.78
201577,Robin Lopez,2018-19,23.03,8.43,0.37,48.34,28.48,72.15,5.65,1.19,0.54,1.12,0.95,19.7,0.86
1627763,Malcolm Brogdon,2018-19,27.18,11.43,0.42,43.09,36.78,79.31,2.74,2.32,0.83,1.29,0.17,19.69,0.72
203487,Michael Carter-Williams,2018-19,24.44,10.06,0.41,45.5,36.06,76.99,3.06,2.61,0.86,1.42,0.39,19.59,0.8
1626159,Justise Winslow,2018-19,24.02,10.12,0.42,44.58,36.75,76.45,3.65,2.17,0.71,1.27,0.42,19.56,0.81
2548,Dwyane Wade,2018-19,25.5,9.96,0.39,44.14,34.22,80.18,3.27,2.65,0.84,1.53,0.31,19.56,0.77
201976,Patrick Beverley,2018-19,27.55,8.96,0.33,40.46,34.54,73.97,3.29,2.67,1.24,1.33,0.32,19.53,0.71
200757,Thabo Sefolosha,2018-19,24.36,9.35,0.38,42.43,34.47,76.83,4.03,1.71,1.09,0.99,0.39,19.42,0.8
203953,Jabari Parker,2018-19,24.99,10.65,0.43,43.44,35.19,78.37,3.4,1.99,0.7,1.2,0.32,19.31,0.77
203937,Kyle Anderson,2018-19,24.84,8.11,0.33,43.17,28.24,71.02,4.44,1.96,1.16,1.22,0.48,19.28,0.78
203473,Dewayne Dedmon,2018-19,24.68,8.47,0.34,46.28,36.4,78.05,5.12,1.43,0.69,0.94,0.58,19.08,0.77
101162,Marcin Gortat,2018-19,24.03,8.02,0.33,52.57,0.0,68.29,6.19,0.7,0.51,0.99,0.8,18.94,0.79
1627786,Troy Williams,2018-19,25.15,9.1,0.36,48.04,35.07,73.42,4.07,1.5,1.08,1.1,0.44,18.93,0.75
202362,Lance Stephenson,2018-19,25.13,9.01,0.36,44.05,33.11,75.91,3.97,2.61,0.64,1.57,0.22,18.84,0.75
1626209,Mario Hezonja,2018-19,24.27,9.69,0.4,44.7,38.83,80.63,3.2,2.31,0.87,1.31,0.27,18.79,0.77
203488,Mike Muscala,2018-19,25.48,9.31,0.37,41.77,37.88,76.67,4.03,1.57,0.72,0.99,0.51,18.66,0.73
1627748,Thon Maker,2018-19,21.92,8.78,0.4,46.86,30.88,73.41,4.54,1.03,0.69,0.83,0.84,18.64,0.85
203090,Maurice Harkless,2018-19,26.07,8.53,0.33,45.19,35.63,73.14,4.36,1.61,0.92,0.96,0.44,18.63,0.71
203894,Shabazz Napier,2018-19,21.73,9.38,0.43,41.5,32.95,75.42,2.87,2.63,0.97,1.34,0.21,18.61,0.86
2199,Tyson Chandler,2018-19,23.32,6.76,0.29,52.01,0.0,67.53,7.19,0.72,0.56,0.99,0.57,18.59,0.8
1626153,Delon Wright,2018-19,23.25,8.59,0.37,44.94,35.2,76.82,3.02,2.93,0.85,1.51,0.28,18.27,0.79
201158,Marco Belinelli,2018-19,24.0,10.83,0.45,42.5,35.5,83.48,2.46,2.01,0.8,1.1,0.15,18.27,0.76
203459,Allen Crabbe,2018-19,26.28,10.02,0.38,42.47,37.81,81.11,3.48,1.6,0.62,1.04,0.32,18.14,0.69
204020,Tyler Johnson,2018-19,24.02,10.03,0.42,43.26,38.23,80.78,3.29,1.49,0.79,0.95,0.27,18.02,0.75
1626168,Trey Lyles,2018-19,21.35,8.48,0.4,43.32,33.66,79.08,4.44,1.58,0.63,1.05,0.44,18.02,0.84
203082,Terrence Ross,2018-19,27.96,9.0,0.32,41.27,37.11,76.44,3.18,1.85,0.91,1.05,0.43,17.91,0.64
201565,Derrick Rose,2018-19,24.87,10.87,0.44,43.98,31.22,79.09,2.36,1.95,0.75,1.53,0.19,17.88,0.72
203486,Mason Plumlee,2018-19,21.98,7.0,0.32,49.97,0.0,63.34,5.0,1.1,0.61,1.29,1.14,17.75,0.81
202709,Cory Joseph,2018-19,24.2,7.96,0.33,43.67,35.33,75.98,3.3,2.72,0.71,1.2,0.22,17.43,0.72
203469,Cody Zeller,2018-19,21.68,7.5,0.35,47.71,16.6,77.94,5.43,0.79,0.42,1.13,0.82,17.41,0.8
203516,James Ennis III,2018-19,24.82,8.7,0.35,44.13,35.16,75.87,3.69,1.41,0.76,0.86,0.43,17.37,0.7
201145,Jeff Green,2018-19,24.59,9.93,0.4,44.55,37.14,81.3,3.22,1.55,0.59,1.0,0.19,17.32,0.7
1627746,Skal Labissiere,2018-19,19.6,8.25,0.42,44.53,32.75,71.74,4.79,0.84,0.42,1.0,0.69,17.2,0.88
202694,Marcus Morris,2018-19,22.98,9.57,0.42,41.39,35.67,79.18,3.53,1.29,0.6,1.02,0.29,17.18,0.75
202357,Nemanja Bjelica,2018-19,24.31,8.8,0.36,43.85,39.58,74.17,3.19,1.6,0.76,0.86,0.39,17.06,0.7
1628021,David Nwaba,2018-19,23.69,7.91,0.33,44.81,29.87,71.64,4.28,1.35,0.79,1.14,0.38,17.05,0.72
203957,Dante Exum,2018-19,22.8,7.99,0.35,43.21,33.87,76.29,2.07,3.53,0.79,1.37,0.1,16.95,0.74
203087,Jeremy Lamb,2018-19,23.82,9.63,0.4,41.94,33.37,82.45,2.72,1.66,0.76,1.16,0.19,16.84,0.71
101107,Marvin Williams,2018-19,24.96,8.08,0.32,41.92,37.08,77.92,3.92,1.2,0.74,0.77,0.44,16.78,0.67
202397,Ish Smith,2018-19,22.49,7.92,0.35,44.22,31.34,75.69,2.12,3.43,0.71,1.21,0.1,16.72,0.74
201572,Brook Lopez,2018-19,21.67,9.2,0.42,40.79,34.51,78.47,3.67,0.96,0.45,0.86,0.51,16.72,0.77
101139,CJ Miles,2018-19,24.45,9.96,0.41,40.09,36.9,84.2,2.73,1.48,0.59,1.02,0.23,16.72,0.68
202066,Garrett Temple,2018-19,26.75,8.89,0.33,42.73,36.85,80.67,2.59,1.98,0.82,1.12,0.23,16.62,0.62
201980,Danny Green,2018-19,24.95,7.83,0.31,41.46,38.0,82.81,3.31,1.45,0.88,0.91,0.57,16.6,0.67
202714,Shelvin Mack,2018-19,22.52,7.18,0.32,42.79,35.06,78.7,2.15,3.79,0.77,1.4,0.08,16.56,0.74
203924,Jerami Grant,2018-19,19.7,8.47,0.43,48.99,35.13,68.72,4.07,0.81,0.49,0.87,0.58,16.49,0.84
1626163,Frank Kaminsky,2018-19,22.57,10.46,0.46,42.86,38.31,83.41,2.68,1.2,0.57,1.08,0.11,16.44,0.73
203493,Reggie Bullock,2018-19,23.29,9.73,0.42,42.6,38.79,85.69,2.65,1.24,0.74,0.92,0.24,16.41,0.7
1627737,Marquese Chriss,2018-19,19.13,6.89,0.36,44.29,33.89,70.75,4.0,1.57,0.63,1.06,0.71,16.39,0.86
204456,T.J. McConnell,2018-19,20.82,5.73,0.28,41.03,28.57,78.47,2.25,4.0,1.08,1.4,0.11,16.24,0.78
201571,D.J. Augustin,2018-19,21.88,8.88,0.41,41.39,37.25,82.91,1.7,2.96,0.58,1.2,0.09,16.18,0.74
201975,Jodie Meeks,2018-19,22.06,9.31,0.42,44.52,36.24,77.93,2.57,1.63,0.62,0.98,0.2,16.12,0.73
1626166,Cameron Payne,2018-19,23.51,7.91,0.34,40.93,33.66,78.15,2.42,2.66,0.79,1.25,0.1,16.08,0.68
201588,George Hill,2018-19,24.8,8.08,0.33,42.44,37.67,77.56,2.84,1.95,0.75,0.9,0.16,15.93,0.64
202702,Kenneth Faried,2018-19,19.25,6.71,0.35,47.68,0.0,69.15,5.12,0.72,0.5,1.08,0.6,15.86,0.82
203109,Jae Crowder,2018-19,23.15,8.67,0.37,42.26,36.08,80.82,2.98,1.36,0.62,0.92,0.18,15.56,0.67
1627755,Tyler Ulis,2018-19,20.43,6.4,0.31,44.48,36.31,79.44,1.86,3.78,0.74,1.22,0.13,15.52,0.76
202323,Evan Turner,2018-19,22.04,7.08,0.32,42.56,33.35,74.05,3.13,2.11,0.64,1.12,0.32,15.51,0.7
1626188,Quinn Cook,2018-19,22.23,8.86,0.4,42.47,35.82,83.63,2.47,1.95,0.51,1.21,0.11,15.5,0.7
203526,Raul Neto,2018-19,17.63,8.08,0.46,46.24,37.81,71.16,1.75,2.92,0.55,1.24,0.07,15.29,0.87
203943,Noah Vonleh,2018-19,18.29,6.55,0.36,46.75,29.46,72.28,4.56,1.01,0.54,0.78,0.41,15.28,0.84
202697,Iman Shumpert,2018-19,21.02,7.15,0.34,42.02,32.61,74.59,3.41,1.31,0.86,1.05,0.31,15.2,0.72
201573,Jerryd Bayless,2018-19,23.68,7.79,0.33,42.74,36.94,79.17,2.57,1.68,0.84,1.01,0.25,15.2,0.64
1626185,Jarell Martin,2018-19,18.61,6.56,0.35,43.44,33.2,67.42,4.07,1.02,0.55,0.93,0.67,15.17,0.82
203925,Joe Harris,2018-19,22.2,8.07,0.36,43.26,39.49,79.49,2.93,1.4,0.54,0.88,0.26,14.99,0.68
1627751,Jakob Poeltl,2018-19,18.18,5.81,0.32,52.81,27.56,63.55,4.68,0.7,0.42,0.92,0.94,14.95,0.82
203092,Tyler Zeller,2018-19,17.73,6.99,0.39,48.0,38.55,77.56,4.35,0.73,0.39,0.78,0.52,14.94,0.84
201585,Kosta Koufos,2018-19,17.84,5.57,0.31,51.05,33.77,64.47,5.05,0.86,0.47,0.75,0.59,14.92,0.84
201601,Luc Mbah a Moute,2018-19,22.8,6.56,0.29,42.36,34.89,67.62,3.11,1.7,0.81,0.94,0.34,14.82,0.65
203477,Isaiah Canaan,2018-19,20.08,6.9,0.34,38.75,35.86,77.95,1.89,2.98,0.68,1.17,0.13,14.77,0.74
1627863,Danuel House,2018-19,19.74,7.73,0.39,44.33,36.32,71.64,2.89,1.34,0.58,0.88,0.34,14.75,0.75
1627783,Pascal Siakam,2018-19,20.32,6.17,0.3,44.4,37.02,78.8,3.12,1.91,0.72,0.89,0.38,14.69,0.72
202692,Alec Burks,2018-19,20.8,8.35,0.4,41.37,31.61,76.96,2.42,1.53,0.54,1.01,0.14,14.52,0.7
203077,Michael Kidd-Gilchrist,2018-19,20.49,7.28,0.36,46.22,14.11,71.68,3.5,0.96,0.53,1.02,0.44,14.52,0.71
1626149,Montrezl Harrell,2018-19,14.91,7.52,0.5,52.07,26.87,73.87,3.57,0.71,0.36,0.8,0.51,14.41,0.97
1626257,Salah Mejri,2018-19,17.49,5.04,0.29,52.18,0.0,62.48,4.44,0.48,0.4,0.77,1.33,14.4,0.82
2037,Jamal Crawford,2018-19,20.02,8.38,0.42,42.39,36.43,84.42,1.87,1.85,0.55,1.11,0.15,14.34,0.72
200782,PJ Tucker,2018-19,23.94,6.14,0.26,40.69,36.83,73.41,3.51,1.31,0.75,0.74,0.36,14.34,0.6
1626155,Sam Dekker,2018-19,19.8,6.74,0.34,45.58,39.86,79.16,3.7,1.11,0.56,0.85,0.29,14.31,0.72
2734,Devin Harris,2018-19,20.08,7.65,0.38,42.71,37.42,81.73,1.82,2.23,0.6,1.06,0.14,14.22,0.71
202718,Chandler Parsons,2018-19,20.34,7.8,0.38,45.86,37.66,83.62,2.52,1.11,0.64,0.68,0.32,14.19,0.7
101123,Gerald Green,2018-19,21.07,8.4,0.4,39.9,36.7,82.11,2.28,1.03,0.6,0.74,0.28,14.19,0.67
201147,Corey Brewer,2018-19,19.2,6.69,0.35,44.03,31.16,73.55,3.08,1.21,0.94,0.9,0.2,14.19,0.74
202687,Bismack Biyombo,2018-19,17.78,5.08,0.29,50.27,34.24,64.04,4.47,0.64,0.36,0.81,1.11,14.16,0.8
202334,Ed Davis,2018-19,18.93,4.9,0.26,49.87,30.96,60.75,4.97,0.6,0.47,0.88,0.83,14.16,0.75
1626170,Jerian Grant,2018-19,19.97,6.54,0.33,42.48,31.97,77.26,1.71,2.89,0.75,1.1,0.08,14.13,0.71
202684,Tristan Thompson,2018-19,17.85,5.93,0.33,47.75,26.58,64.92,4.61,0.69,0.39,0.85,0.51,14.1,0.79
1627826,Ivica Zubac,2018-19,17.67,6.38,0.36,52.78,0.0,65.2,4.4,0.6,0.36,0.85,0.49,14.07,0.8
1626181,Norman Powell,2018-19,19.68,7.5,0.38,42.16,37.86,80.11,2.0,2.05,0.58,1.06,0.15,14.01,0.71
1626143,Jahlil Okafor,2018-19,17.94,6.75,0.38,46.69,30.01,77.46,3.88,0.74,0.33,0.88,0.53,13.99,0.78
1627733,Dragan Bender,2018-19,21.84,6.58,0.3,40.49,35.61,72.94,2.95,1.19,0.6,0.84,0.51,13.85,0.63
203521,Matthew Dellavedova,2018-19,19.42,5.58,0.29,42.18,36.95,82.7,1.89,3.31,0.64,1.39,0.12,13.73,0.71
201988,Patty Mills,2018-19,22.11,6.89,0.31,40.35,37.41,78.53,2.05,2.1,0.7,1.02,0.12,13.72,0.62
2747,JR Smith,2018-19,24.38,6.99,0.29,42.83,39.02,81.26,2.31,1.73,0.61,0.8,0.18,13.68,0.56
101181,Jose Calderon,2018-19,17.61,6.44,0.37,42.24,37.22,80.54,1.69,2.66,0.64,1.2,0.11,13.43,0.76
203546,Ian Clark,2018-19,19.86,7.51,0.38,45.22,37.92,80.5,2.28,1.24,0.49,0.64,0.26,13.39,0.67
201973,Jonas Jerebko,2018-19,19.5,6.72,0.34,43.07,35.83,78.85,3.12,1.04,0.42,0.68,0.34,13.34,0.68
2594,Kyle Korver,2018-19,20.09,7.28,0.36,41.57,40.22,86.23,2.27,1.4,0.51,0.75,0.16,13.19,0.66
1627761,DeAndre' Bembry,2018-19,18.36,5.62,0.31,41.43,28.68,73.68,2.28,2.17,0.79,1.07,0.2,13.16,0.72
203107,Tomas Satoransky,2018-19,19.8,5.76,0.29,41.67,31.73,72.53,2.3,2.22,0.57,0.88,0.17,13.0,0.66
1627738,Deyonta Davis,2018-19,16.4,4.98,0.3,46.94,30.79,64.62,4.06,0.9,0.4,0.64,0.55,12.99,0.79
201156,Nick Young,2018-19,19.61,7.71,0.39,40.95,38.28,82.04,2.01,1.12,0.6,0.66,0.11,12.99,0.66
203584,Troy Daniels,2018-19,20.04,7.62,0.38,40.18,38.72,83.81,2.05,1.12,0.47,0.71,0.14,12.72,0.63
101133,Ian Mahinmi,2018-19,16.97,5.05,0.3,47.54,0.0,64.34,3.98,0.69,0.52,0.98,0.55,12.71,0.75
201956,Omri Casspi,2018-19,16.39,5.7,0.35,44.77,26.86,72.57,3.54,0.72,0.46,0.58,0.43,12.7,0.78
1627745,Damian Jones,2018-19,17.32,5.27,0.3,48.64,,63.72,4.08,0.63,0.31,0.7,0.56,12.7,0.73
201967,Dante Cunningham,2018-19,18.76,5.81,0.31,45.24,37.73,71.13,3.47,0.98,0.46,0.75,0.27,12.68,0.68
2403,Nene,2018-19,16.15,6.44,0.4,46.21,37.39,76.63,3.02,0.75,0.54,0.78,0.3,12.62,0.78
1627789,Timothe Luwawu-Cabarrot,2018-19,19.63,7.19,0.37,42.51,37.6,87.12,2.11,1.39,0.44,1.1,0.12,12.46,0.63
201229,Anthony Tolliver,2018-19,18.15,7.18,0.4,42.58,38.57,82.47,2.33,0.95,0.46,0.7,0.19,12.45,0.69
101109,Raymond Felton,2018-19,17.63,6.58,0.37,39.37,35.84,84.17,1.66,1.92,0.61,0.93,0.08,12.44,0.71
203463,Ben McLemore,2018-19,19.23,6.76,0.35,41.7,35.94,78.91,2.28,0.98,0.6,0.81,0.25,12.38,0.64
1626147,Justin Anderson,2018-19,17.18,6.41,0.37,41.22,33.07,76.98,2.74,0.79,0.49,0.61,0.31,12.32,0.72
1626145,Tyus Jones,2018-19,15.53,4.54,0.29,38.41,28.27,72.97,1.64,2.8,0.85,1.03,0.18,12.31,0.79
1626246,Boban Marjanovic,2018-19,14.41,5.72,0.4,45.48,32.68,75.47,3.71,0.51,0.38,0.72,0.33,12.19,0.85
203926,Doug McDermott,2018-19,18.6,6.67,0.36,44.94,39.07,82.91,2.43,0.89,0.28,0.62,0.18,11.65,0.63
204038,Langston Galloway,2018-19,17.95,6.46,0.36,39.23,35.57,79.71,2.06,0.96,0.59,0.69,0.15,11.63,0.65
203118,Mike Scott,2018-19,17.85,6.54,0.37,44.02,37.43,82.15,2.44,0.93,0.31,0.68,0.15,11.57,0.65
2225,Tony Parker,2018-19,17.09,5.45,0.32,43.11,34.25,75.94,1.61,2.38,0.47,1.03,0.03,11.54,0.67
203476,Gorgui Dieng,2018-19,15.93,4.85,0.3,48.39,37.32,74.7,3.0,0.84,0.59,0.51,0.37,11.53,0.72
204025,Tim Frazier,2018-19,15.76,3.91,0.25,40.33,27.8,76.01,1.64,2.69,0.92,1.03,0.09,11.51,0.73
2733,Shaun Livingston,2018-19,16.98,5.37,0.32,47.31,28.44,74.33,1.94,1.69,0.51,0.88,0.28,11.47,0.68
203503,Tony Snell,2018-19,22.05,5.44,0.25,41.53,35.21,69.04,2.45,1.0,0.63,0.74,0.25,11.39,0.52
1627854,Bryn Forbes,2018-19,18.14,6.4,0.35,41.97,36.7,85.14,2.09,1.03,0.43,0.67,0.15,11.38,0.63
202722,Davis Bertans,2018-19,17.82,6.28,0.35,41.92,37.91,75.38,2.06,0.75,0.48,0.58,0.28,11.21,0.63
203382,Aron Baynes,2018-19,14.89,4.01,0.27,46.71,19.71,66.61,3.69,0.56,0.33,0.67,0.61,10.99,0.74
1626172,Kevon Looney,2018-19,13.55,4.01,0.3,50.56,25.0,60.34,3.13,0.62,0.4,0.52,0.73,10.85,0.8
1627775,Patrick McCaw,2018-19,16.52,4.65,0.28,40.71,30.52,76.18,1.92,1.32,0.81,0.74,0.16,10.59,0.64
1626203,Treveon Graham,2018-19,16.13,4.72,0.29,38.31,32.02,86.0,1.76,1.72,0.6,0.85,0.1,10.46,0.65
202335,Patrick Patterson,2018-19,16.19,4.73,0.29,40.79,29.82,75.12,2.39,0.9,0.62,0.62,0.23,10.45,0.65
1627884,Derrick Jones Jr.,2018-19,14.05,4.32,0.31,52.07,0.0,62.07,3.08,0.28,0.26,0.73,0.84,10.44,0.74
1626158,Richaun Holmes,2018-19,13.44,4.35,0.32,46.6,100.0,73.75,3.2,0.63,0.28,0.61,0.44,10.44,0.78
203922,Glenn Robinson III,2018-19,16.76,4.95,0.3,41.35,33.82,83.07,1.66,1.49,0.63,0.73,0.12,10.4,0.62
201583,Ryan Anderson,2018-19,16.75,5.09,0.3,37.91,35.14,71.34,2.38,0.74,0.48,0.59,0.26,10.36,0.62
1627827,Dorian Finney-Smith,2018-19,18.34,5.01,0.27,39.55,36.75,71.8,2.21,0.89,0.45,0.64,0.31,10.32,0.56
203585,Rodney McGruder,2018-19,18.89,5.21,0.28,44.26,37.87,72.33,2.11,0.92,0.4,0.57,0.2,10.12,0.54
203518,Alex Abrines,2018-19,17.0,5.5,0.32,40.86,38.03,79.64,1.73,0.99,0.48,0.57,0.11,10.05,0.59
1627740,Henry Ellenson,2018-19,14.39,5.43,0.38,44.12,38.38,84.82,1.89,1.01,0.45,0.73,0.1,10.05,0.7
1627780,Gary Payton II,2018-19,15.4,4.81,0.31,47.52,36.61,72.47,2.1,0.93,0.58,0.67,0.11,9.88,0.64
101106,Andrew Bogut,2018-19,13.35,2.24,0.17,44.0,,55.1,3.56,0.72,0.23,0.84,1.02,9.86,0.74
201160,Jason Smith,2018-19,12.74,4.7,0.37,47.31,34.03,76.35,2.37,0.72,0.38,0.64,0.34,9.85,0.77
101161,Amir Johnson,2018-19,13.59,3.33,0.25,45.72,22.75,59.79,3.13,0.77,0.46,0.6,0.38,9.77,0.72
201580,JaVale McGee,2018-19,11.35,4.09,0.36,53.57,0.0,62.49,2.74,0.32,0.24,0.43,0.7,9.66,0.85
1626192,Pat Connaughton,2018-19,15.18,4.96,0.33,41.63,36.69,70.35,2.06,0.92,0.39,0.65,0.14,9.63,0.63
101112,Channing Frye,2018-19,15.99,4.57,0.29,39.45,35.6,71.72,2.2,0.89,0.34,0.54,0.27,9.63,0.6
1627767,Cheick Diallo,2018-19,12.53,3.92,0.31,47.04,0.0,73.59,3.08,0.46,0.27,0.67,0.47,9.61,0.77
1626245,Cristiano Felicio,2018-19,14.39,4.2,0.29,50.07,0.0,71.19,2.93,0.61,0.29,0.67,0.27,9.56,0.66
203998,Bruno Caboclo,2018-19,13.21,4.79,0.36,46.27,39.3,66.78,2.44,0.61,0.33,0.54,0.14,9.41,0.71
203524,Solomon Hill,2018-19,15.16,3.37,0.22,35.52,32.13,70.38,1.93,1.4,0.71,0.6,0.12,9.24,0.61
203112,Quincy Acy,2018-19,15.68,4.7,0.3,40.84,37.53,74.21,2.16,0.65,0.37,0.53,0.2,9.24,0.59
203917,Nik Stauskas,2018-19,15.4,4.7,0.31,39.01,32.98,72.01,1.76,1.05,0.38,0.68,0.17,9.22,0.6
1627758,Ron Baker,2018-19,13.33,3.42,0.26,43.02,36.14,76.62,1.4,1.56,0.69,0.54,0.14,8.89,0.67
203101,Miles Plumlee,2018-19,12.55,3.42,0.27,43.61,29.04,63.05,2.71,0.58,0.27,0.59,0.45,8.84,0.7
203457,Nerlens Noel,2018-19,11.64,2.93,0.25,49.0,0.0,55.09,3.0,0.44,0.37,0.56,0.46,8.73,0.75
202498,Lance Thomas,2018-19,14.65,3.83,0.26,40.82,31.7,74.72,2.08,0.58,0.44,0.47,0.22,8.39,0.57
201162,Jared Dudley,2018-19,14.71,3.51,0.24,40.22,26.81,83.32,1.43,1.45,0.46,0.72,0.1,8.25,0.56
1627823,Juan Hernangomez,2018-19,11.67,3.71,0.32,42.24,36.61,73.96,1.84,0.54,0.34,0.45,0.16,7.58,0.65
203086,Meyers Leonard,2018-19,10.84,3.94,0.36,44.68,35.94,77.29,1.57,0.5,0.28,0.56,0.22,7.38,0.68
1627781,Malachi Richardson,2018-19,11.2,3.5,0.31,36.84,30.0,0.0,1.2,0.6,0.5,0.3,0.2,7.15,0.64
1627743,Demetrius Jackson,2018-19,11.09,3.23,0.29,41.05,32.83,71.6,1.03,1.23,0.4,0.59,0.11,7.06,0.64
1627736,Malik Beasley,2018-19,11.54,3.3,0.29,40.42,32.52,77.86,1.07,0.71,0.38,0.5,0.09,6.4,0.55
1627774,Jake Layman,2018-19,9.96,2.69,0.27,40.76,28.68,76.94,0.93,0.75,0.34,0.4,0.11,5.67,0.57
1627816,Alex Poythress,2018-19,9.09,2.24,0.25,44.54,38.51,100.0,0.93,0.54,0.15,0.3,0.05,4.47,0.49
